Name,Genome,Spacer location,Spacer Sequence,Oriented Spacer,Left Primer Location,Left Primer,Right Primer Location,Right Primer,Product Size,Product Location,Product,Left Primer with Tag,Right Primer with Tag
A05,hg38,chr4:25156929-25156951,TGCACAGCAGAAATATCACCGG,+TGCACAGCAGAAATATCACCGG,chr4:25156765-25156787,TTTGGAAAGGGGCAATAATAAA,chr4:25157002-25157024,CTCGGAATGCTGAATGTATTTG,259,chr4:25156765-25157024,TTTGGAAAGGGGCAATAATAAATGAAATGAGTCAGTGGTGTGTGTGTGTGTCCAGACAGCCAAAAGCATTATGATTAAGACGGTACATACCAGCCAGCTTTATAATGTCCAGGACCAAAGAATTGGTAATTTTGTTCAAAAGGCTAGAGCCTGCAGCTTTTGGTTGCACAGCAGAAATATCACCGGATCGTCCAATGCCATGAATGAACCTAAGCAAAAAATGGGCCAAAAACTGGACAAATACATTCAGCATTCCGAG,CTCTTTCCCTACACGACGCTCTTCCGATCTTTTGGAAAGGGGCAATAATAAA,CTGGAGTTCAGACGTGTGCTCTTCCGATCTCTCGGAATGCTGAATGTATTTG
A04,hg38,chr4:25158958-25158980,TGACGACGAGCAACCAGTGCGG,+TGACGACGAGCAACCAGTGCGG,chr4:25158830-25158852,AGCAGGGAAGAAGTGGTTTACA,chr4:25159033-25159055,ATGAACTTGCAATCATGGACAG,225,chr4:25158830-25159055,AGCAGGGAAGAAGTGGTTTACAAACTGACATTTGATAATCTAATAAGATAAATACTGCTGCCATTATTTTGAACCAAAAATAAATAAACGATGTATCTCCTGTACTACTTAAAAAAAGATACCTGTAATGACGACGAGCAACCAGTGCGGATGCCACTCTCCCTTCCCTTTCTCCCACACCACAATTGCCTAAGAAATTGTTGCTGTCCATGATTGCAAGTTCAT,CTCTTTCCCTACACGACGCTCTTCCGATCTAGCAGGGAAGAAGTGGTTTACA,CTGGAGTTCAGACGTGTGCTCTTCCGATCTATGAACTTGCAATCATGGACAG
A07,hg38,chr1:185305614-185305636,TGATCAGCTGAGTAGTACAAGG,+TGATCAGCTGAGTAGTACAAGG,chr1:185305506-185305528,GAGGTTACCTCAGACTGTGCAA,chr1:185305700-185305722,AGGCGTTTGTGTAATCTGCATA,216,chr1:185305506-185305722,GAGGTTACCTCAGACTGTGCAATGTGTACCTGCACAAACTGAATGTGGTCATCATCACTGCCAAACACCTCAGCCTGTCCATCTAGTAGGTTCCCATCAAGCAGCTTGTGATCAGCTGAGTAGTACAAGGTTTGAACCTGCAAAACAGCAACAGAACACCCATGTGGCTACGGTCACCATGGCTACTCCACTAGTATGCAGATTACACAAACGCCT,CTCTTTCCCTACACGACGCTCTTCCGATCTGAGGTTACCTCAGACTGTGCAA,CTGGAGTTCAGACGTGTGCTCTTCCGATCTAGGCGTTTGTGTAATCTGCATA
A06,hg38,chr4:25159019-25159041,CTAAGAAATTGTTGCTGTCCAT,-CTAAGAAATTGTTGCTGTCCAT,chr4:25158883-25158905,ACTGCTGCCATTATTTTGAACC,chr4:25159069-25159091,ATGGCTGGGATGAAAGTACACT,208,chr4:25158883-25159091,ACTGCTGCCATTATTTTGAACCAAAAATAAATAAACGATGTATCTCCTGTACTACTTAAAAAAAGATACCTGTAATGACGACGAGCAACCAGTGCGGATGCCACTCTCCCTTCCCTTTCTCCCACACCACAATTGCCTAAGAAATTGTTGCTGTCCATGATTGCAAGTTCATGTAAAAAGAGTTCAAGTGTACTTTCATCCCAGCCAT,CTCTTTCCCTACACGACGCTCTTCCGATCTACTGCTGCCATTATTTTGAACC,CTGGAGTTCAGACGTGTGCTCTTCCGATCTATGGCTGGGATGAAAGTACACT
A02,hg38,chr1:36287107-36287129,ATCAGTCTGGGACACACCAAGG,+ATCAGTCTGGGACACACCAAGG,chr1:36286940-36286962,AGCAGTTTCTGAGCTGAGTCCT,chr1:36287168-36287190,ACTCTTACCCACAGGGCTCTTT,250,chr1:36286940-36287190,AGCAGTTTCTGAGCTGAGTCCTCGGGAGCGAAGCCCAGCTCTCAAAAGCCCCCTCCAGTCTGTGGTGGTGAGGCGGCGGTCACCCCGTCCTAGCCCCGTGCCAAAACCTAGTCCTCCACTTTCCAGCACATCCCAGATGGGCTCAACTCTGCCGAGTGGTGCCGGGTATCAGTCTGGGACACACCAAGGTCAGTTCGACCATGGTTCTGGGTCCCTGAGTCCATCCAAAAAGAGCCCTGTGGGTAAGAGT,CTCTTTCCCTACACGACGCTCTTCCGATCTAGCAGTTTCTGAGCTGAGTCCT,CTGGAGTTCAGACGTGTGCTCTTCCGATCTACTCTTACCCACAGGGCTCTTT
A09,hg38,chr1:185301022-185301044,CGTACTGCATAGGAGACATGGG,+CGTACTGCATAGGAGACATGGG,chr1:185300905-185300927,TGAAAGTTTGCATGTCACAAAA,chr1:185301103-185301125,CCACAGAGCTCACCAACAAGTA,220,chr1:185300905-185301125,TGAAAGTTTGCATGTCACAAAAATGCCCATCTACATGCTTAGCCAGTTGAATGCTTCTGTTCTTACCTGCAGCTATGAGTTTGCCATTCATCTCTGCTGTTCCCAGACCAGATCGTGCGTACTGCATAGGAGACATGGGCTTTTCGATTAGCTCATCTTGTTGCATCTCAAAGCTTAAACTCTTACTTAGTTTTGGAGTACTTGTTGGTGAGCTCTGTGG,CTCTTTCCCTACACGACGCTCTTCCGATCTTGAAAGTTTGCATGTCACAAAA,CTGGAGTTCAGACGTGTGCTCTTCCGATCTCCACAGAGCTCACCAACAAGTA
A01,hg38,chr1:36287102-36287124,CGGGTATCAGTCTGGGACACAC,-CGGGTATCAGTCTGGGACACAC,chr1:36286940-36286962,AGCAGTTTCTGAGCTGAGTCCT,chr1:36287168-36287190,ACTCTTACCCACAGGGCTCTTT,250,chr1:36286940-36287190,AGCAGTTTCTGAGCTGAGTCCTCGGGAGCGAAGCCCAGCTCTCAAAAGCCCCCTCCAGTCTGTGGTGGTGAGGCGGCGGTCACCCCGTCCTAGCCCCGTGCCAAAACCTAGTCCTCCACTTTCCAGCACATCCCAGATGGGCTCAACTCTGCCGAGTGGTGCCGGGTATCAGTCTGGGACACACCAAGGTCAGTTCGACCATGGTTCTGGGTCCCTGAGTCCATCCAAAAAGAGCCCTGTGGGTAAGAGT,CTCTTTCCCTACACGACGCTCTTCCGATCTAGCAGTTTCTGAGCTGAGTCCT,CTGGAGTTCAGACGTGTGCTCTTCCGATCTACTCTTACCCACAGGGCTCTTT
A08,hg38,chr1:185305585-185305607,CATCTAGTAGGTTCCCATCAAG,-CATCTAGTAGGTTCCCATCAAG,chr1:185305517-185305539,AGACTGTGCAATGTGTACCTGC,chr1:185305727-185305749,TCAAGAAGCACACTGGAGGTTA,232,chr1:185305517-185305749,AGACTGTGCAATGTGTACCTGCACAAACTGAATGTGGTCATCATCACTGCCAAACACCTCAGCCTGTCCATCTAGTAGGTTCCCATCAAGCAGCTTGTGATCAGCTGAGTAGTACAAGGTTTGAACCTGCAAAACAGCAACAGAACACCCATGTGGCTACGGTCACCATGGCTACTCCACTAGTATGCAGATTACACAAACGCCTCAAGGTAACCTCCAGTGTGCTTCTTGA,CTCTTTCCCTACACGACGCTCTTCCGATCTAGACTGTGCAATGTGTACCTGC,CTGGAGTTCAGACGTGTGCTCTTCCGATCTTCAAGAAGCACACTGGAGGTTA
A03,hg38,chr1:36287175-36287197,CCTGTGGGTAAGAGTCCACCAT,-CCTGTGGGTAAGAGTCCACCAT,chr1:36287039-36287061,GCCAAAACCTAGTCCTCCACTT,chr1:36287247-36287269,TCTTTGTATAGGCTGCTCCTCC,230,chr1:36287039-36287269,GCCAAAACCTAGTCCTCCACTTTCCAGCACATCCCAGATGGGCTCAACTCTGCCGAGTGGTGCCGGGTATCAGTCTGGGACACACCAAGGTCAGTTCGACCATGGTTCTGGGTCCCTGAGTCCATCCAAAAAGAGCCCTGTGGGTAAGAGTCCACCATCCACTGGCTCCACATATGGCTCATCTCAGAAGGAGGAGAGTGCTGCTTCAGGAGGAGCAGCCTATACAAAGA,CTCTTTCCCTACACGACGCTCTTCCGATCTGCCAAAACCTAGTCCTCCACTT,CTGGAGTTCAGACGTGTGCTCTTCCGATCTTCTTTGTATAGGCTGCTCCTCC
